{ "year": "2013", "firstName": "DAVID", "county": "KINGS", "sex": "M", "cid": 272,"dateOfBirth":"2016-01-07T00:01:17Z" }
{ "year": "2013", "firstName": "JAYDEN", "county": "KINGS", "sex": "M", "cid": 268,"dateOfBirth":"2016-02-07T00:01:17Z" }
{ "year": "2013", "firstName": "JAYDEN", "county": "QUEENS", "sex": "M", "cid": 219,"dateOfBirth":"2016-03-07T00:01:17Z" }
{ "year": "2013", "firstName": "MOSHE", "county": "KINGS", "sex": "M", "cid": 219,"dateOfBirth":"2016-04-07T00:01:17Z" }
{ "year": "2013", "firstName": "ETHAN", "county": "QUEENS", "sex": "M", "cid": 216,"dateOfBirth":"2016-05-07T00:01:17Z" }